Type,Name,Request Count,Failure Count,Median Response Time,Average Response Time,Min Response Time,Max Response Time,Average Content Size,Requests/s,Failures/s,50%,66%,75%,80%,90%,95%,98%,99%,99.9%,99.99%,100%
GET,/?p=1,2809,0,3400.0,3545.856284581704,2173.442333999901,9934.684296999876,13306.0,14.671753206549798,0.0,3400,3600,3700,3800,4000,4900,6300,6500,8400,9900,9900
GET,/?p=2,2779,0,3400.0,3566.8426156153278,2195.1454180000383,10798.392755000123,13306.0,14.515059509078638,0.0,3400,3600,3700,3800,4100,5300,6300,6500,8600,11000,11000
GET,/?p=3,2867,0,3400.0,3579.046550896058,2218.7349599998925,10190.270087999806,13306.0,14.974694354994046,0.0,3400,3600,3700,3800,4100,5300,6300,6500,8500,10000,10000
,Aggregated,8455,0,3400.0,3564.008562224,2173.442333999901,10798.392755000123,13306.0,44.161507070622484,0.0,3400,3600,3700,3800,4100,5100,6300,6500,8500,11000,11000
