Type,Name,Request Count,Failure Count,Median Response Time,Average Response Time,Min Response Time,Max Response Time,Average Content Size,Requests/s,Failures/s,50%,66%,75%,80%,90%,95%,98%,99%,99.9%,99.99%,100%
GET,/?p=1,4234,591,3200.0,2781.2215239289126,1.7166659999929834,7875.687169999992,11801.873169579594,17.19074786057282,2.399558806234893,3200,3300,3400,3500,3800,4000,5300,6100,6700,7900,7900
GET,/?p=2,4260,615,3200.0,2768.0611682514027,1.7982920001031744,7022.350168999992,11748.504929577464,17.296312207378417,2.4970028186708277,3200,3300,3400,3500,3700,4000,5400,6100,6600,7000,7000
GET,/?p=3,4266,627,3100.0,2738.173162582044,1.801874999955544,7647.336295000059,11721.383731833099,17.3206732104874,2.545724824888795,3100,3300,3400,3500,3700,3900,4500,5900,6600,7600,7600
,Aggregated,12760,1833,3100.0,2762.435675598825,1.7166659999929834,7875.687169999992,11757.146159874608,51.80773327843864,7.442286449794516,3100,3300,3400,3500,3700,4000,4800,6000,6700,7600,7900
