Type,Name,Request Count,Failure Count,Median Response Time,Average Response Time,Min Response Time,Max Response Time,Average Content Size,Requests/s,Failures/s,50%,66%,75%,80%,90%,95%,98%,99%,99.9%,99.99%,100%
GET,/?p=1,2033,245,3000.0,2669.3281398357103,1.7831659999956173,6560.190169999942,12008.855386128873,17.167029503777076,2.068825493568806,3000,3200,3300,3300,3500,3700,3900,4600,6500,6600,6600
GET,/?p=2,2037,251,3000.0,2646.9545952974954,1.8114590000095632,6651.678295000011,11976.356897398135,17.20080624652922,2.119490607697022,3000,3200,3300,3300,3500,3700,3900,4000,6200,6700,6700
GET,/?p=3,2084,255,3000.0,2691.25075002543,1.7173749999983556,6574.533585999916,11984.816218809981,17.59768297386691,2.1532673504491657,3000,3200,3300,3400,3500,3700,3900,4400,6200,6600,6600
,Aggregated,6154,751,3000.0,2669.346308410787,1.7173749999983556,6651.678295000011,11989.957588560286,51.9655187241732,6.341583451714994,3000,3200,3300,3300,3500,3700,3900,4300,6400,6700,6700
